{
    "rows_evaluated": 9800,
    "mse": 0.0003744841064573702,
    "rmse": 0.019351591832647005,
    "mae": 0.012966135776192876,
    "r2": 0.00514147461969694,
    "prediction_mean": 0.001074574162767028,
    "prediction_std": 0.001391239947774852,
    "target_mean": 0.001074574162767039,
    "target_std": 0.019402522300289424,
    "tree_depth": 5,
    "n_leaves": 9
}