{
    "rows_evaluated": 9800,
    "mse": 0.00035836204846002677,
    "rmse": 0.018930452938586195,
    "mae": 0.012719823887818437,
    "r2": 0.04797150817456208,
    "prediction_mean": 0.0010895736349058524,
    "prediction_std": 0.0012519420203307378,
    "target_mean": 0.001074574162767039,
    "target_std": 0.019402522300289424,
    "n_estimators": 100,
    "max_depth": 8
}